Scenario,Controller,Max_ey_m,RMSE_ey_m,Max_epsi_deg,Max_ev_mps,Max_ay_mps2,Control_Effort
Pothole / Obstacle Avoidance Swerve,PURE_PURSUIT,0.201768843669844,0.0762127342387748,3.52640483420103,0.0176717258680004,2.0493783635282,0.0369616227120491
Pothole / Obstacle Avoidance Swerve,STANLEY,0.2,0.0525697841309396,1.13361345647065,0.0180970268716916,0.963915439686782,0.0358262600421487
Pothole / Obstacle Avoidance Swerve,MPC,0.2,0.0415591268890543,1.73445726211825,0.308542770101111,1.03110447124689,0.0288360852426525
Ghat Road Hairpin Curve,PURE_PURSUIT,1.21146983483022,0.43176181612674,13.0568425669013,8.84841469592042,8.33807842927388,2.39901743885438
Ghat Road Hairpin Curve,STANLEY,1.6017771949142,0.448817955687637,12.2973165264496,8.87144017802303,8.32850537924306,3.54059859395816
Ghat Road Hairpin Curve,MPC,5.47096948292075,3.82713229922347,23.957609996936,9.75262479669888,4.12378502587575,13.6086648546025
ISO 3888-2 Double Lane Change,PURE_PURSUIT,0.847764748483325,0.386383409216486,8.11329926543212,2.42562129679833,3.37587060265127,0.759764693474779
ISO 3888-2 Double Lane Change,STANLEY,0.997640347899353,0.429015605638162,12.1790174792545,11.6756620806982,5.54950591632326,2.61187212928301
ISO 3888-2 Double Lane Change,MPC,1.90465264424139,1.4488860224623,14.2974847212879,13.9973235787919,5.52116911650875,6.20552488299735
